dataset,seed,condition,version,status,seconds,acc,nmi,ari,nmi_trial_std,ari_trial_std,stability_pair_nmi,si_loss,modularity,conductance_mean,conductance_weighted,pred_n_clusters,pred_cluster_size_cv,known_label_ratio,metrics_path,log_path,stderr_tail
urban_bangkok_plot,0,G17_V5_temp15,urban_echf_recheck_e60_s01_v1_G17_V5_temp15_urban_bangkok_plot_s0,skip_exists,0.0,0.03282324240408073,0.019846496305835386,0.0004170328052250938,0.0,0.0,nan,14.632217407226562,0.0035382118076086044,0.9811062812805176,0.9806622266769409,64.0,0.16393688321113586,0.09137888997793198,/home/aitx/workspace/projects/edge-enhanced-unsupervised-graph-neural-network-clustering/results/urban_echf_recheck_e60_s01_v1_G17_V5_temp15_urban_bangkok_plot_s0/urban_bangkok_plot_metrics.json,/home/aitx/workspace/projects/edge-enhanced-unsupervised-graph-neural-network-clustering/results/urban_echf_recheck_e60_s01_v1_G17_V5_temp15_urban_bangkok_plot_s0/urban_bangkok_plot.log,
urban_bangkok_plot,1,G17_V5_temp15,urban_echf_recheck_e60_s01_v1_G17_V5_temp15_urban_bangkok_plot_s1,skip_exists,0.0,0.03237968507429585,0.020501360962787218,0.00029450304023274064,0.0,0.0,nan,14.635579109191895,0.0034845173358917236,0.9810948371887207,0.9807228446006775,64.0,0.1539924144744873,0.09137888997793198,/home/aitx/workspace/projects/edge-enhanced-unsupervised-graph-neural-network-clustering/results/urban_echf_recheck_e60_s01_v1_G17_V5_temp15_urban_bangkok_plot_s1/urban_bangkok_plot_metrics.json,/home/aitx/workspace/projects/edge-enhanced-unsupervised-graph-neural-network-clustering/results/urban_echf_recheck_e60_s01_v1_G17_V5_temp15_urban_bangkok_plot_s1/urban_bangkok_plot.log,
urban_bangkok_plot,0,G15_ECHF_main,urban_echf_recheck_e60_s01_v1_G15_ECHF_main_urban_bangkok_plot_s0,skip_exists,0.0,0.03371035706365048,0.019654315969962775,0.0004551490744293903,0.0,0.0,nan,14.700434684753418,0.004435408860445023,0.9802678823471069,0.9797593951225281,64.0,0.1990744024515152,0.09137888997793198,/home/aitx/workspace/projects/edge-enhanced-unsupervised-graph-neural-network-clustering/results/urban_echf_recheck_e60_s01_v1_G15_ECHF_main_urban_bangkok_plot_s0/urban_bangkok_plot_metrics.json,/home/aitx/workspace/projects/edge-enhanced-unsupervised-graph-neural-network-clustering/results/urban_echf_recheck_e60_s01_v1_G15_ECHF_main_urban_bangkok_plot_s0/urban_bangkok_plot.log,
urban_bangkok_plot,1,G15_ECHF_main,urban_echf_recheck_e60_s01_v1_G15_ECHF_main_urban_bangkok_plot_s1,skip_exists,0.0,0.03304502106897316,0.02109481748827705,0.00043687144936911887,0.0,0.0,nan,14.704252243041992,0.004222990944981575,0.9804339408874512,0.9799723625183105,64.0,0.19246351718902588,0.09137888997793198,/home/aitx/workspace/projects/edge-enhanced-unsupervised-graph-neural-network-clustering/results/urban_echf_recheck_e60_s01_v1_G15_ECHF_main_urban_bangkok_plot_s1/urban_bangkok_plot_metrics.json,/home/aitx/workspace/projects/edge-enhanced-unsupervised-graph-neural-network-clustering/results/urban_echf_recheck_e60_s01_v1_G15_ECHF_main_urban_bangkok_plot_s1/urban_bangkok_plot.log,
urban_beijing_plot,0,G17_V5_temp15,urban_echf_recheck_e60_s01_v1_G17_V5_temp15_urban_beijing_plot_s0,skip_exists,0.0,0.04071122011036174,0.014215131679484232,0.00057987715848046,0.0,0.0,nan,15.931771278381348,0.006474286317825317,0.9787681102752686,0.9775650501251221,64.0,0.14357635378837585,0.08352366089820862,/home/aitx/workspace/projects/edge-enhanced-unsupervised-graph-neural-network-clustering/results/urban_echf_recheck_e60_s01_v1_G17_V5_temp15_urban_beijing_plot_s0/urban_beijing_plot_metrics.json,/home/aitx/workspace/projects/edge-enhanced-unsupervised-graph-neural-network-clustering/results/urban_echf_recheck_e60_s01_v1_G17_V5_temp15_urban_beijing_plot_s0/urban_beijing_plot.log,
urban_beijing_plot,1,G17_V5_temp15,urban_echf_recheck_e60_s01_v1_G17_V5_temp15_urban_beijing_plot_s1,skip_exists,0.0,0.04083384426732066,0.016280848103038825,0.0007544569920703842,0.0,0.0,nan,15.934436798095703,0.005526157096028328,0.9793248176574707,0.9786152243614197,64.0,0.12027555704116821,0.08352366089820862,/home/aitx/workspace/projects/edge-enhanced-unsupervised-graph-neural-network-clustering/results/urban_echf_recheck_e60_s01_v1_G17_V5_temp15_urban_beijing_plot_s1/urban_beijing_plot_metrics.json,/home/aitx/workspace/projects/edge-enhanced-unsupervised-graph-neural-network-clustering/results/urban_echf_recheck_e60_s01_v1_G17_V5_temp15_urban_beijing_plot_s1/urban_beijing_plot.log,
urban_beijing_plot,0,G15_ECHF_main,urban_echf_recheck_e60_s01_v1_G15_ECHF_main_urban_beijing_plot_s0,skip_exists,0.0,0.04071122011036174,0.014428515412311126,0.0006352712594749046,0.0,0.0,nan,15.979533195495605,0.0067708417773246765,0.978520393371582,0.9772546291351318,64.0,0.1474456489086151,0.08352366089820862,/home/aitx/workspace/projects/edge-enhanced-unsupervised-graph-neural-network-clustering/results/urban_echf_recheck_e60_s01_v1_G15_ECHF_main_urban_beijing_plot_s0/urban_beijing_plot_metrics.json,/home/aitx/workspace/projects/edge-enhanced-unsupervised-graph-neural-network-clustering/results/urban_echf_recheck_e60_s01_v1_G15_ECHF_main_urban_beijing_plot_s0/urban_beijing_plot.log,
urban_beijing_plot,1,G15_ECHF_main,urban_echf_recheck_e60_s01_v1_G15_ECHF_main_urban_beijing_plot_s1,ok,288.85093331336975,0.040956468424279587,0.016850020098799892,0.0008324517007130305,0.0,0.0,nan,15.981649398803711,0.0060659535229206085,0.9788769483566284,0.978031575679779,64.0,0.13237863779067993,0.08352366089820862,/home/aitx/workspace/projects/edge-enhanced-unsupervised-graph-neural-network-clustering/results/urban_echf_recheck_e60_s01_v1_G15_ECHF_main_urban_beijing_plot_s1/urban_beijing_plot_metrics.json,/home/aitx/workspace/projects/edge-enhanced-unsupervised-graph-neural-network-clustering/results/urban_echf_recheck_e60_s01_v1_G15_ECHF_main_urban_beijing_plot_s1/urban_beijing_plot.log,INFO - 02/19/26 21:51:14 - 0:04:45 - Saved metrics to ./results/urban_echf_recheck_e60_s01_v1_G15_ECHF_main_urban_beijing_plot_s1/urban_beijing_plot_metrics.json
urban_boston_plot,0,G17_V5_temp15,urban_echf_recheck_e60_s01_v1_G17_V5_temp15_urban_boston_plot_s0,ok,18.291599988937378,0.041203400915631135,0.05162538296168046,0.00010715556337588258,0.0,0.0,nan,12.491775512695312,0.00409962423145771,0.9807794094085693,0.9798734784126282,64.0,0.1771111637353897,0.16730496287345886,/home/aitx/workspace/projects/edge-enhanced-unsupervised-graph-neural-network-clustering/results/urban_echf_recheck_e60_s01_v1_G17_V5_temp15_urban_boston_plot_s0/urban_boston_plot_metrics.json,/home/aitx/workspace/projects/edge-enhanced-unsupervised-graph-neural-network-clustering/results/urban_echf_recheck_e60_s01_v1_G17_V5_temp15_urban_boston_plot_s0/urban_boston_plot.log,INFO - 02/19/26 21:51:33 - 0:00:16 - Saved metrics to ./results/urban_echf_recheck_e60_s01_v1_G17_V5_temp15_urban_boston_plot_s0/urban_boston_plot_metrics.json
urban_boston_plot,1,G17_V5_temp15,urban_echf_recheck_e60_s01_v1_G17_V5_temp15_urban_boston_plot_s1,ok,19.09511971473694,0.03858731196860693,0.05046184102619216,-0.0003759367738625302,0.0,0.0,nan,12.490804672241211,0.00667923130095005,0.9795417785644531,0.9769617319107056,64.0,0.20160186290740967,0.16730496287345886,/home/aitx/workspace/projects/edge-enhanced-unsupervised-graph-neural-network-clustering/results/urban_echf_recheck_e60_s01_v1_G17_V5_temp15_urban_boston_plot_s1/urban_boston_plot_metrics.json,/home/aitx/workspace/projects/edge-enhanced-unsupervised-graph-neural-network-clustering/results/urban_echf_recheck_e60_s01_v1_G17_V5_temp15_urban_boston_plot_s1/urban_boston_plot.log,INFO - 02/19/26 21:51:53 - 0:00:16 - Saved metrics to ./results/urban_echf_recheck_e60_s01_v1_G17_V5_temp15_urban_boston_plot_s1/urban_boston_plot_metrics.json
urban_boston_plot,0,G15_ECHF_main,urban_echf_recheck_e60_s01_v1_G15_ECHF_main_urban_boston_plot_s0,ok,18.69170618057251,0.04316546762589928,0.05196665788456806,0.00015145974051764368,0.0,0.0,nan,12.529987335205078,0.00436682254076004,0.9806234836578369,0.9795838594436646,64.0,0.19259388744831085,0.16730496287345886,/home/aitx/workspace/projects/edge-enhanced-unsupervised-graph-neural-network-clustering/results/urban_echf_recheck_e60_s01_v1_G15_ECHF_main_urban_boston_plot_s0/urban_boston_plot_metrics.json,/home/aitx/workspace/projects/edge-enhanced-unsupervised-graph-neural-network-clustering/results/urban_echf_recheck_e60_s01_v1_G15_ECHF_main_urban_boston_plot_s0/urban_boston_plot.log,INFO - 02/19/26 21:52:11 - 0:00:16 - Saved metrics to ./results/urban_echf_recheck_e60_s01_v1_G15_ECHF_main_urban_boston_plot_s0/urban_boston_plot_metrics.json
urban_boston_plot,1,G15_ECHF_main,urban_echf_recheck_e60_s01_v1_G15_ECHF_main_urban_boston_plot_s1,ok,20.593473196029663,0.03662524525833878,0.05153910171565553,-0.00040726593111390855,0.0,0.0,nan,12.529322624206543,0.006972555071115494,0.9793558120727539,0.9766727685928345,64.0,0.21840834617614746,0.16730496287345886,/home/aitx/workspace/projects/edge-enhanced-unsupervised-graph-neural-network-clustering/results/urban_echf_recheck_e60_s01_v1_G15_ECHF_main_urban_boston_plot_s1/urban_boston_plot_metrics.json,/home/aitx/workspace/projects/edge-enhanced-unsupervised-graph-neural-network-clustering/results/urban_echf_recheck_e60_s01_v1_G15_ECHF_main_urban_boston_plot_s1/urban_boston_plot.log,INFO - 02/19/26 21:52:32 - 0:00:18 - Saved metrics to ./results/urban_echf_recheck_e60_s01_v1_G15_ECHF_main_urban_boston_plot_s1/urban_boston_plot_metrics.json
urban_chicago_plot,0,G17_V5_temp15,urban_echf_recheck_e60_s01_v1_G17_V5_temp15_urban_chicago_plot_s0,ok,88.42886209487915,0.029336217385426525,0.01259161166209991,0.0005533436141574855,0.0,0.0,nan,15.475236892700195,0.007247947156429291,0.9778966307640076,0.976841390132904,64.0,0.1429443508386612,0.12050174921751022,/home/aitx/workspace/projects/edge-enhanced-unsupervised-graph-neural-network-clustering/results/urban_echf_recheck_e60_s01_v1_G17_V5_temp15_urban_chicago_plot_s0/urban_chicago_plot_metrics.json,/home/aitx/workspace/projects/edge-enhanced-unsupervised-graph-neural-network-clustering/results/urban_echf_recheck_e60_s01_v1_G17_V5_temp15_urban_chicago_plot_s0/urban_chicago_plot.log,INFO - 02/19/26 21:54:00 - 0:01:26 - Saved metrics to ./results/urban_echf_recheck_e60_s01_v1_G17_V5_temp15_urban_chicago_plot_s0/urban_chicago_plot_metrics.json
urban_chicago_plot,1,G17_V5_temp15,urban_echf_recheck_e60_s01_v1_G17_V5_temp15_urban_chicago_plot_s1,ok,92.49499249458313,0.026362038664323375,0.013364591510688554,0.00022744991513108827,0.0,0.0,nan,15.469542503356934,0.006891064345836639,0.9779906272888184,0.9772107005119324,64.0,0.15925255417823792,0.12050174921751022,/home/aitx/workspace/projects/edge-enhanced-unsupervised-graph-neural-network-clustering/results/urban_echf_recheck_e60_s01_v1_G17_V5_temp15_urban_chicago_plot_s1/urban_chicago_plot_metrics.json,/home/aitx/workspace/projects/edge-enhanced-unsupervised-graph-neural-network-clustering/results/urban_echf_recheck_e60_s01_v1_G17_V5_temp15_urban_chicago_plot_s1/urban_chicago_plot.log,INFO - 02/19/26 21:55:33 - 0:01:30 - Saved metrics to ./results/urban_echf_recheck_e60_s01_v1_G17_V5_temp15_urban_chicago_plot_s1/urban_chicago_plot_metrics.json
urban_chicago_plot,0,G15_ECHF_main,urban_echf_recheck_e60_s01_v1_G15_ECHF_main_urban_chicago_plot_s0,ok,94.01061916351318,0.030147357036636475,0.013035630174787349,0.0006459917416550585,0.0,0.0,nan,15.53203010559082,0.00793745368719101,0.9773454070091248,0.9761289954185486,64.0,0.13588976860046387,0.12050174921751022,/home/aitx/workspace/projects/edge-enhanced-unsupervised-graph-neural-network-clustering/results/urban_echf_recheck_e60_s01_v1_G15_ECHF_main_urban_chicago_plot_s0/urban_chicago_plot_metrics.json,/home/aitx/workspace/projects/edge-enhanced-unsupervised-graph-neural-network-clustering/results/urban_echf_recheck_e60_s01_v1_G15_ECHF_main_urban_chicago_plot_s0/urban_chicago_plot.log,INFO - 02/19/26 21:57:07 - 0:01:31 - Saved metrics to ./results/urban_echf_recheck_e60_s01_v1_G15_ECHF_main_urban_chicago_plot_s0/urban_chicago_plot_metrics.json
urban_chicago_plot,1,G15_ECHF_main,urban_echf_recheck_e60_s01_v1_G15_ECHF_main_urban_chicago_plot_s1,ok,93.07589077949524,0.027443558199269975,0.01420003929609858,0.00047059424436980484,0.0,0.0,nan,15.526126861572266,0.007203003391623497,0.9777318239212036,0.9768751859664917,64.0,0.14926064014434814,0.12050174921751022,/home/aitx/workspace/projects/edge-enhanced-unsupervised-graph-neural-network-clustering/results/urban_echf_recheck_e60_s01_v1_G15_ECHF_main_urban_chicago_plot_s1/urban_chicago_plot_metrics.json,/home/aitx/workspace/projects/edge-enhanced-unsupervised-graph-neural-network-clustering/results/urban_echf_recheck_e60_s01_v1_G15_ECHF_main_urban_chicago_plot_s1/urban_chicago_plot.log,INFO - 02/19/26 21:58:40 - 0:01:30 - Saved metrics to ./results/urban_echf_recheck_e60_s01_v1_G15_ECHF_main_urban_chicago_plot_s1/urban_chicago_plot_metrics.json
urban_johannesburg_plot,0,G17_V5_temp15,urban_echf_recheck_e60_s01_v1_G17_V5_temp15_urban_johannesburg_plot_s0,ok,69.52947664260864,0.03549618320610687,0.03377608141557108,0.0008252059465777991,0.0,0.0,nan,14.962780952453613,0.005874546244740486,0.9791353940963745,0.9782289266586304,64.0,0.11525201052427292,0.05499003082513809,/home/aitx/workspace/projects/edge-enhanced-unsupervised-graph-neural-network-clustering/results/urban_echf_recheck_e60_s01_v1_G17_V5_temp15_urban_johannesburg_plot_s0/urban_johannesburg_plot_metrics.json,/home/aitx/workspace/projects/edge-enhanced-unsupervised-graph-neural-network-clustering/results/urban_echf_recheck_e60_s01_v1_G17_V5_temp15_urban_johannesburg_plot_s0/urban_johannesburg_plot.log,INFO - 02/19/26 21:59:49 - 0:01:07 - Saved metrics to ./results/urban_echf_recheck_e60_s01_v1_G17_V5_temp15_urban_johannesburg_plot_s0/urban_johannesburg_plot_metrics.json
urban_johannesburg_plot,1,G17_V5_temp15,urban_echf_recheck_e60_s01_v1_G17_V5_temp15_urban_johannesburg_plot_s1,ok,70.1728630065918,0.03435114503816794,0.03449656772609839,0.00029312656557227884,0.0,0.0,nan,14.96768856048584,0.0044419001787900925,0.9803043007850647,0.9797624945640564,64.0,0.09388019144535065,0.05499003082513809,/home/aitx/workspace/projects/edge-enhanced-unsupervised-graph-neural-network-clustering/results/urban_echf_recheck_e60_s01_v1_G17_V5_temp15_urban_johannesburg_plot_s1/urban_johannesburg_plot_metrics.json,/home/aitx/workspace/projects/edge-enhanced-unsupervised-graph-neural-network-clustering/results/urban_echf_recheck_e60_s01_v1_G17_V5_temp15_urban_johannesburg_plot_s1/urban_johannesburg_plot.log,INFO - 02/19/26 22:01:00 - 0:01:07 - Saved metrics to ./results/urban_echf_recheck_e60_s01_v1_G17_V5_temp15_urban_johannesburg_plot_s1/urban_johannesburg_plot_metrics.json
urban_johannesburg_plot,0,G15_ECHF_main,urban_echf_recheck_e60_s01_v1_G15_ECHF_main_urban_johannesburg_plot_s0,ok,70.51122856140137,0.03549618320610687,0.03465985697473437,0.0009222976113354962,0.0,0.0,nan,15.053350448608398,0.00713375024497509,0.9780378937721252,0.9769323468208313,64.0,0.12649938464164734,0.05499003082513809,/home/aitx/workspace/projects/edge-enhanced-unsupervised-graph-neural-network-clustering/results/urban_echf_recheck_e60_s01_v1_G15_ECHF_main_urban_johannesburg_plot_s0/urban_johannesburg_plot_metrics.json,/home/aitx/workspace/projects/edge-enhanced-unsupervised-graph-neural-network-clustering/results/urban_echf_recheck_e60_s01_v1_G15_ECHF_main_urban_johannesburg_plot_s0/urban_johannesburg_plot.log,INFO - 02/19/26 22:02:10 - 0:01:08 - Saved metrics to ./results/urban_echf_recheck_e60_s01_v1_G15_ECHF_main_urban_johannesburg_plot_s0/urban_johannesburg_plot_metrics.json
urban_johannesburg_plot,1,G15_ECHF_main,urban_echf_recheck_e60_s01_v1_G15_ECHF_main_urban_johannesburg_plot_s1,ok,74.01250052452087,0.035114503816793895,0.03560027636639992,0.0004747236849155927,0.0,0.0,nan,15.05855655670166,0.00570698082447052,0.9791476726531982,0.9784768223762512,64.0,0.10155977308750153,0.05499003082513809,/home/aitx/workspace/projects/edge-enhanced-unsupervised-graph-neural-network-clustering/results/urban_echf_recheck_e60_s01_v1_G15_ECHF_main_urban_johannesburg_plot_s1/urban_johannesburg_plot_metrics.json,/home/aitx/workspace/projects/edge-enhanced-unsupervised-graph-neural-network-clustering/results/urban_echf_recheck_e60_s01_v1_G15_ECHF_main_urban_johannesburg_plot_s1/urban_johannesburg_plot.log,INFO - 02/19/26 22:03:24 - 0:01:11 - Saved metrics to ./results/urban_echf_recheck_e60_s01_v1_G15_ECHF_main_urban_johannesburg_plot_s1/urban_johannesburg_plot_metrics.json
urban_madrid_plot,0,G17_V5_temp15,urban_echf_recheck_e60_s01_v1_G17_V5_temp15_urban_madrid_plot_s0,ok,77.17827939987183,0.03503214385539924,0.009575436986621331,0.00018069385854554724,0.0,0.0,nan,14.962992668151855,0.003470558673143387,0.9813196659088135,0.9807136654853821,64.0,0.13311955332756042,0.2143384963274002,/home/aitx/workspace/projects/edge-enhanced-unsupervised-graph-neural-network-clustering/results/urban_echf_recheck_e60_s01_v1_G17_V5_temp15_urban_madrid_plot_s0/urban_madrid_plot_metrics.json,/home/aitx/workspace/projects/edge-enhanced-unsupervised-graph-neural-network-clustering/results/urban_echf_recheck_e60_s01_v1_G17_V5_temp15_urban_madrid_plot_s0/urban_madrid_plot.log,INFO - 02/19/26 22:04:41 - 0:01:14 - Saved metrics to ./results/urban_echf_recheck_e60_s01_v1_G17_V5_temp15_urban_madrid_plot_s0/urban_madrid_plot_metrics.json
urban_madrid_plot,1,G17_V5_temp15,urban_echf_recheck_e60_s01_v1_G17_V5_temp15_urban_madrid_plot_s1,ok,76.34875321388245,0.03521848504611944,0.011583387347919452,0.0006230944084563672,0.0,0.0,nan,14.950631141662598,0.006531640887260437,0.978478729724884,0.9775323867797852,64.0,0.14892713725566864,0.2143384963274002,/home/aitx/workspace/projects/edge-enhanced-unsupervised-graph-neural-network-clustering/results/urban_echf_recheck_e60_s01_v1_G17_V5_temp15_urban_madrid_plot_s1/urban_madrid_plot_metrics.json,/home/aitx/workspace/projects/edge-enhanced-unsupervised-graph-neural-network-clustering/results/urban_echf_recheck_e60_s01_v1_G17_V5_temp15_urban_madrid_plot_s1/urban_madrid_plot.log,INFO - 02/19/26 22:05:58 - 0:01:14 - Saved metrics to ./results/urban_echf_recheck_e60_s01_v1_G17_V5_temp15_urban_madrid_plot_s1/urban_madrid_plot_metrics.json
urban_madrid_plot,0,G15_ECHF_main,urban_echf_recheck_e60_s01_v1_G15_ECHF_main_urban_madrid_plot_s0,ok,75.57986998558044,0.03503214385539924,0.0096929720752411,0.0001675626040563443,0.0,0.0,nan,15.02717113494873,0.003971956670284271,0.9808380603790283,0.9801998734474182,64.0,0.13310153782367706,0.2143384963274002,/home/aitx/workspace/projects/edge-enhanced-unsupervised-graph-neural-network-clustering/results/urban_echf_recheck_e60_s01_v1_G15_ECHF_main_urban_madrid_plot_s0/urban_madrid_plot_metrics.json,/home/aitx/workspace/projects/edge-enhanced-unsupervised-graph-neural-network-clustering/results/urban_echf_recheck_e60_s01_v1_G15_ECHF_main_urban_madrid_plot_s0/urban_madrid_plot.log,INFO - 02/19/26 22:07:13 - 0:01:13 - Saved metrics to ./results/urban_echf_recheck_e60_s01_v1_G15_ECHF_main_urban_madrid_plot_s0/urban_madrid_plot_metrics.json
urban_madrid_plot,1,G15_ECHF_main,urban_echf_recheck_e60_s01_v1_G15_ECHF_main_urban_madrid_plot_s1,ok,74.13011288642883,0.034938973260039134,0.011645165516093793,0.0006112999812816444,0.0,0.0,nan,15.014554023742676,0.006932893767952919,0.9781332015991211,0.977122962474823,64.0,0.15340985357761383,0.2143384963274002,/home/aitx/workspace/projects/edge-enhanced-unsupervised-graph-neural-network-clustering/results/urban_echf_recheck_e60_s01_v1_G15_ECHF_main_urban_madrid_plot_s1/urban_madrid_plot_metrics.json,/home/aitx/workspace/projects/edge-enhanced-unsupervised-graph-neural-network-clustering/results/urban_echf_recheck_e60_s01_v1_G15_ECHF_main_urban_madrid_plot_s1/urban_madrid_plot.log,INFO - 02/19/26 22:08:27 - 0:01:11 - Saved metrics to ./results/urban_echf_recheck_e60_s01_v1_G15_ECHF_main_urban_madrid_plot_s1/urban_madrid_plot_metrics.json
urban_melbourne_plot,0,G17_V5_temp15,urban_echf_recheck_e60_s01_v1_G17_V5_temp15_urban_melbourne_plot_s0,ok,47.79988074302673,0.03189493433395872,0.02101767121432167,0.00041004608152887497,0.0,0.0,nan,14.46043586730957,0.004470795392990112,0.980197548866272,0.979613184928894,64.0,0.12810194492340088,0.15211670100688934,/home/aitx/workspace/projects/edge-enhanced-unsupervised-graph-neural-network-clustering/results/urban_echf_recheck_e60_s01_v1_G17_V5_temp15_urban_melbourne_plot_s0/urban_melbourne_plot_metrics.json,/home/aitx/workspace/projects/edge-enhanced-unsupervised-graph-neural-network-clustering/results/urban_echf_recheck_e60_s01_v1_G17_V5_temp15_urban_melbourne_plot_s0/urban_melbourne_plot.log,INFO - 02/19/26 22:09:15 - 0:00:45 - Saved metrics to ./results/urban_echf_recheck_e60_s01_v1_G17_V5_temp15_urban_melbourne_plot_s0/urban_melbourne_plot_metrics.json
urban_melbourne_plot,1,G17_V5_temp15,urban_echf_recheck_e60_s01_v1_G17_V5_temp15_urban_melbourne_plot_s1,ok,47.555015325546265,0.031686470710860955,0.020272069245865408,0.0004930265152371443,0.0,0.0,nan,14.456437110900879,0.006199922412633896,0.9788819551467896,0.9778532981872559,64.0,0.13843806087970734,0.15211670100688934,/home/aitx/workspace/projects/edge-enhanced-unsupervised-graph-neural-network-clustering/results/urban_echf_recheck_e60_s01_v1_G17_V5_temp15_urban_melbourne_plot_s1/urban_melbourne_plot_metrics.json,/home/aitx/workspace/projects/edge-enhanced-unsupervised-graph-neural-network-clustering/results/urban_echf_recheck_e60_s01_v1_G17_V5_temp15_urban_melbourne_plot_s1/urban_melbourne_plot.log,INFO - 02/19/26 22:10:03 - 0:00:45 - Saved metrics to ./results/urban_echf_recheck_e60_s01_v1_G17_V5_temp15_urban_melbourne_plot_s1/urban_melbourne_plot_metrics.json
urban_melbourne_plot,0,G15_ECHF_main,urban_echf_recheck_e60_s01_v1_G15_ECHF_main_urban_melbourne_plot_s0,ok,48.488566637039185,0.03356264331874088,0.021409049690154204,0.0005517063538906244,0.0,0.0,nan,14.52278995513916,0.005021039396524429,0.979699432849884,0.9790315628051758,64.0,0.1368328183889389,0.15211670100688934,/home/aitx/workspace/projects/edge-enhanced-unsupervised-graph-neural-network-clustering/results/urban_echf_recheck_e60_s01_v1_G15_ECHF_main_urban_melbourne_plot_s0/urban_melbourne_plot_metrics.json,/home/aitx/workspace/projects/edge-enhanced-unsupervised-graph-neural-network-clustering/results/urban_echf_recheck_e60_s01_v1_G15_ECHF_main_urban_melbourne_plot_s0/urban_melbourne_plot.log,INFO - 02/19/26 22:10:51 - 0:00:46 - Saved metrics to ./results/urban_echf_recheck_e60_s01_v1_G15_ECHF_main_urban_melbourne_plot_s0/urban_melbourne_plot_metrics.json
urban_melbourne_plot,1,G15_ECHF_main,urban_echf_recheck_e60_s01_v1_G15_ECHF_main_urban_melbourne_plot_s1,ok,56.65987515449524,0.03293725244944757,0.020831514668089742,0.0006230346413852145,0.0,0.0,nan,14.518904685974121,0.006810937076807022,0.9783610105514526,0.9771981239318848,64.0,0.1492302417755127,0.15211670100688934,/home/aitx/workspace/projects/edge-enhanced-unsupervised-graph-neural-network-clustering/results/urban_echf_recheck_e60_s01_v1_G15_ECHF_main_urban_melbourne_plot_s1/urban_melbourne_plot_metrics.json,/home/aitx/workspace/projects/edge-enhanced-unsupervised-graph-neural-network-clustering/results/urban_echf_recheck_e60_s01_v1_G15_ECHF_main_urban_melbourne_plot_s1/urban_melbourne_plot.log,INFO - 02/19/26 22:11:48 - 0:00:54 - Saved metrics to ./results/urban_echf_recheck_e60_s01_v1_G15_ECHF_main_urban_melbourne_plot_s1/urban_melbourne_plot_metrics.json
urban_paris_plot,0,G17_V5_temp15,urban_echf_recheck_e60_s01_v1_G17_V5_temp15_urban_paris_plot_s0,ok,17.22879433631897,0.026961281167646463,0.017276258279673874,0.0002931495428585991,0.0,0.0,nan,12.649870872497559,0.00017096474766731262,0.9841450452804565,0.9839796423912048,64.0,0.09659618139266968,0.5996110439300537,/home/aitx/workspace/projects/edge-enhanced-unsupervised-graph-neural-network-clustering/results/urban_echf_recheck_e60_s01_v1_G17_V5_temp15_urban_paris_plot_s0/urban_paris_plot_metrics.json,/home/aitx/workspace/projects/edge-enhanced-unsupervised-graph-neural-network-clustering/results/urban_echf_recheck_e60_s01_v1_G17_V5_temp15_urban_paris_plot_s0/urban_paris_plot.log,INFO - 02/19/26 22:12:05 - 0:00:14 - Saved metrics to ./results/urban_echf_recheck_e60_s01_v1_G17_V5_temp15_urban_paris_plot_s0/urban_paris_plot_metrics.json
urban_paris_plot,1,G17_V5_temp15,urban_echf_recheck_e60_s01_v1_G17_V5_temp15_urban_paris_plot_s1,ok,17.06224036216736,0.029799310764240826,0.01798010859794746,0.0005882297830903773,0.0,0.0,nan,12.651769638061523,0.0015478972345590591,0.9829282760620117,0.9826713800430298,64.0,0.10053898394107819,0.5996110439300537,/home/aitx/workspace/projects/edge-enhanced-unsupervised-graph-neural-network-clustering/results/urban_echf_recheck_e60_s01_v1_G17_V5_temp15_urban_paris_plot_s1/urban_paris_plot_metrics.json,/home/aitx/workspace/projects/edge-enhanced-unsupervised-graph-neural-network-clustering/results/urban_echf_recheck_e60_s01_v1_G17_V5_temp15_urban_paris_plot_s1/urban_paris_plot.log,INFO - 02/19/26 22:12:22 - 0:00:14 - Saved metrics to ./results/urban_echf_recheck_e60_s01_v1_G17_V5_temp15_urban_paris_plot_s1/urban_paris_plot_metrics.json
urban_paris_plot,0,G15_ECHF_main,urban_echf_recheck_e60_s01_v1_G15_ECHF_main_urban_paris_plot_s0,ok,17.35039496421814,0.026353131968376242,0.01721556611035568,0.0002600818969152678,0.0,0.0,nan,12.699295043945312,0.00033286958932876587,0.9839648008346558,0.9838476777076721,64.0,0.09356292337179184,0.5996110439300537,/home/aitx/workspace/projects/edge-enhanced-unsupervised-graph-neural-network-clustering/results/urban_echf_recheck_e60_s01_v1_G15_ECHF_main_urban_paris_plot_s0/urban_paris_plot_metrics.json,/home/aitx/workspace/projects/edge-enhanced-unsupervised-graph-neural-network-clustering/results/urban_echf_recheck_e60_s01_v1_G15_ECHF_main_urban_paris_plot_s0/urban_paris_plot.log,INFO - 02/19/26 22:12:39 - 0:00:15 - Saved metrics to ./results/urban_echf_recheck_e60_s01_v1_G15_ECHF_main_urban_paris_plot_s0/urban_paris_plot_metrics.json
urban_paris_plot,1,G15_ECHF_main,urban_echf_recheck_e60_s01_v1_G15_ECHF_main_urban_paris_plot_s1,ok,18.214646577835083,0.030407459963511047,0.018262120143080433,0.000651581335906439,0.0,0.0,nan,12.701310157775879,0.0015577301383018494,0.9828842282295227,0.982670783996582,64.0,0.10030358284711838,0.5996110439300537,/home/aitx/workspace/projects/edge-enhanced-unsupervised-graph-neural-network-clustering/results/urban_echf_recheck_e60_s01_v1_G15_ECHF_main_urban_paris_plot_s1/urban_paris_plot_metrics.json,/home/aitx/workspace/projects/edge-enhanced-unsupervised-graph-neural-network-clustering/results/urban_echf_recheck_e60_s01_v1_G15_ECHF_main_urban_paris_plot_s1/urban_paris_plot.log,INFO - 02/19/26 22:12:58 - 0:00:16 - Saved metrics to ./results/urban_echf_recheck_e60_s01_v1_G15_ECHF_main_urban_paris_plot_s1/urban_paris_plot_metrics.json
urban_shanghai_plot,0,G17_V5_temp15,urban_echf_recheck_e60_s01_v1_G17_V5_temp15_urban_shanghai_plot_s0,ok,103.09537720680237,0.0332409972299169,0.014830768413915457,0.0006521611815994695,0.0,0.0,nan,15.38427448272705,0.005985099822282791,0.978966474533081,0.9781294465065002,64.0,0.13099870085716248,0.09379330277442932,/home/aitx/workspace/projects/edge-enhanced-unsupervised-graph-neural-network-clustering/results/urban_echf_recheck_e60_s01_v1_G17_V5_temp15_urban_shanghai_plot_s0/urban_shanghai_plot_metrics.json,/home/aitx/workspace/projects/edge-enhanced-unsupervised-graph-neural-network-clustering/results/urban_echf_recheck_e60_s01_v1_G17_V5_temp15_urban_shanghai_plot_s0/urban_shanghai_plot.log,INFO - 02/19/26 22:14:41 - 0:01:40 - Saved metrics to ./results/urban_echf_recheck_e60_s01_v1_G17_V5_temp15_urban_shanghai_plot_s0/urban_shanghai_plot_metrics.json
urban_shanghai_plot,1,G17_V5_temp15,urban_echf_recheck_e60_s01_v1_G17_V5_temp15_urban_shanghai_plot_s1,ok,101.17707014083862,0.03308710372422284,0.01488939910744095,0.0005615061315518573,0.0,0.0,nan,15.387099266052246,0.005098022520542145,0.9798321723937988,0.9790329933166504,64.0,0.14023402333259583,0.09379330277442932,/home/aitx/workspace/projects/edge-enhanced-unsupervised-graph-neural-network-clustering/results/urban_echf_recheck_e60_s01_v1_G17_V5_temp15_urban_shanghai_plot_s1/urban_shanghai_plot_metrics.json,/home/aitx/workspace/projects/edge-enhanced-unsupervised-graph-neural-network-clustering/results/urban_echf_recheck_e60_s01_v1_G17_V5_temp15_urban_shanghai_plot_s1/urban_shanghai_plot.log,INFO - 02/19/26 22:16:22 - 0:01:38 - Saved metrics to ./results/urban_echf_recheck_e60_s01_v1_G17_V5_temp15_urban_shanghai_plot_s1/urban_shanghai_plot_metrics.json
urban_shanghai_plot,0,G15_ECHF_main,urban_echf_recheck_e60_s01_v1_G15_ECHF_main_urban_shanghai_plot_s0,ok,100.0101523399353,0.0332409972299169,0.014531574973237827,0.0006289189418300441,0.0,0.0,nan,15.415437698364258,0.006146680563688278,0.978797197341919,0.9779765605926514,64.0,0.13382789492607117,0.09379330277442932,/home/aitx/workspace/projects/edge-enhanced-unsupervised-graph-neural-network-clustering/results/urban_echf_recheck_e60_s01_v1_G15_ECHF_main_urban_shanghai_plot_s0/urban_shanghai_plot_metrics.json,/home/aitx/workspace/projects/edge-enhanced-unsupervised-graph-neural-network-clustering/results/urban_echf_recheck_e60_s01_v1_G15_ECHF_main_urban_shanghai_plot_s0/urban_shanghai_plot.log,INFO - 02/19/26 22:18:02 - 0:01:37 - Saved metrics to ./results/urban_echf_recheck_e60_s01_v1_G15_ECHF_main_urban_shanghai_plot_s0/urban_shanghai_plot_metrics.json
urban_shanghai_plot,1,G15_ECHF_main,urban_echf_recheck_e60_s01_v1_G15_ECHF_main_urban_shanghai_plot_s1,ok,110.19307088851929,0.03200984918436442,0.015229510005917742,0.0005954930420911734,0.0,0.0,nan,15.419050216674805,0.005108669400215149,0.979814887046814,0.9790277481079102,64.0,0.15019094944000244,0.09379330277442932,/home/aitx/workspace/projects/edge-enhanced-unsupervised-graph-neural-network-clustering/results/urban_echf_recheck_e60_s01_v1_G15_ECHF_main_urban_shanghai_plot_s1/urban_shanghai_plot_metrics.json,/home/aitx/workspace/projects/edge-enhanced-unsupervised-graph-neural-network-clustering/results/urban_echf_recheck_e60_s01_v1_G15_ECHF_main_urban_shanghai_plot_s1/urban_shanghai_plot.log,INFO - 02/19/26 22:19:52 - 0:01:47 - Saved metrics to ./results/urban_echf_recheck_e60_s01_v1_G15_ECHF_main_urban_shanghai_plot_s1/urban_shanghai_plot_metrics.json
urban_singapore_plot,0,G17_V5_temp15,urban_echf_recheck_e60_s01_v1_G17_V5_temp15_urban_singapore_plot_s0,ok,48.631195306777954,0.03260869565217391,0.030006080619069394,0.0006319884049702681,0.0,0.0,nan,14.092403411865234,0.0013186968863010406,0.9830692410469055,0.9829230308532715,64.0,0.06113123521208763,0.10384781658649445,/home/aitx/workspace/projects/edge-enhanced-unsupervised-graph-neural-network-clustering/results/urban_echf_recheck_e60_s01_v1_G17_V5_temp15_urban_singapore_plot_s0/urban_singapore_plot_metrics.json,/home/aitx/workspace/projects/edge-enhanced-unsupervised-graph-neural-network-clustering/results/urban_echf_recheck_e60_s01_v1_G17_V5_temp15_urban_singapore_plot_s0/urban_singapore_plot.log,INFO - 02/19/26 22:20:41 - 0:00:46 - Saved metrics to ./results/urban_echf_recheck_e60_s01_v1_G17_V5_temp15_urban_singapore_plot_s0/urban_singapore_plot_metrics.json
urban_singapore_plot,1,G17_V5_temp15,urban_echf_recheck_e60_s01_v1_G17_V5_temp15_urban_singapore_plot_s1,ok,49.47917175292969,0.03388746803069054,0.027135612864818328,6.821852684466344e-05,0.0,0.0,nan,14.08000659942627,0.004639502614736557,0.9801949858665466,0.9794551134109497,64.0,0.10435660928487778,0.10384781658649445,/home/aitx/workspace/projects/edge-enhanced-unsupervised-graph-neural-network-clustering/results/urban_echf_recheck_e60_s01_v1_G17_V5_temp15_urban_singapore_plot_s1/urban_singapore_plot_metrics.json,/home/aitx/workspace/projects/edge-enhanced-unsupervised-graph-neural-network-clustering/results/urban_echf_recheck_e60_s01_v1_G17_V5_temp15_urban_singapore_plot_s1/urban_singapore_plot.log,INFO - 02/19/26 22:21:30 - 0:00:47 - Saved metrics to ./results/urban_echf_recheck_e60_s01_v1_G17_V5_temp15_urban_singapore_plot_s1/urban_singapore_plot_metrics.json
urban_singapore_plot,0,G15_ECHF_main,urban_echf_recheck_e60_s01_v1_G15_ECHF_main_urban_singapore_plot_s0,ok,48.45148992538452,0.03484654731457801,0.030425842733362764,0.0007371599764067104,0.0,0.0,nan,14.156722068786621,0.002332698553800583,0.982175350189209,0.9819036722183228,64.0,0.07116209715604782,0.10384781658649445,/home/aitx/workspace/projects/edge-enhanced-unsupervised-graph-neural-network-clustering/results/urban_echf_recheck_e60_s01_v1_G15_ECHF_main_urban_singapore_plot_s0/urban_singapore_plot_metrics.json,/home/aitx/workspace/projects/edge-enhanced-unsupervised-graph-neural-network-clustering/results/urban_echf_recheck_e60_s01_v1_G15_ECHF_main_urban_singapore_plot_s0/urban_singapore_plot.log,INFO - 02/19/26 22:22:19 - 0:00:46 - Saved metrics to ./results/urban_echf_recheck_e60_s01_v1_G15_ECHF_main_urban_singapore_plot_s0/urban_singapore_plot_metrics.json
urban_singapore_plot,1,G15_ECHF_main,urban_echf_recheck_e60_s01_v1_G15_ECHF_main_urban_singapore_plot_s1,ok,48.11276650428772,0.03356777493606138,0.026471819031037645,-1.0790367291414622e-05,0.0,0.0,nan,14.144311904907227,0.005508909001946449,0.9794535636901855,0.9785482883453369,64.0,0.11562365293502808,0.10384781658649445,/home/aitx/workspace/projects/edge-enhanced-unsupervised-graph-neural-network-clustering/results/urban_echf_recheck_e60_s01_v1_G15_ECHF_main_urban_singapore_plot_s1/urban_singapore_plot_metrics.json,/home/aitx/workspace/projects/edge-enhanced-unsupervised-graph-neural-network-clustering/results/urban_echf_recheck_e60_s01_v1_G15_ECHF_main_urban_singapore_plot_s1/urban_singapore_plot.log,INFO - 02/19/26 22:23:07 - 0:00:45 - Saved metrics to ./results/urban_echf_recheck_e60_s01_v1_G15_ECHF_main_urban_singapore_plot_s1/urban_singapore_plot_metrics.json
urban_sydney_plot,0,G17_V5_temp15,urban_echf_recheck_e60_s01_v1_G17_V5_temp15_urban_sydney_plot_s0,ok,71.78317618370056,0.02925498946324532,0.015826543122402323,0.0010694137051169364,0.0,0.0,nan,14.773566246032715,0.002888159826397896,0.9816265106201172,0.9812622666358948,64.0,0.10195501148700714,0.16741377115249634,/home/aitx/workspace/projects/edge-enhanced-unsupervised-graph-neural-network-clustering/results/urban_echf_recheck_e60_s01_v1_G17_V5_temp15_urban_sydney_plot_s0/urban_sydney_plot_metrics.json,/home/aitx/workspace/projects/edge-enhanced-unsupervised-graph-neural-network-clustering/results/urban_echf_recheck_e60_s01_v1_G17_V5_temp15_urban_sydney_plot_s0/urban_sydney_plot.log,INFO - 02/19/26 22:24:19 - 0:01:09 - Saved metrics to ./results/urban_echf_recheck_e60_s01_v1_G17_V5_temp15_urban_sydney_plot_s0/urban_sydney_plot_metrics.json
urban_sydney_plot,1,G17_V5_temp15,urban_echf_recheck_e60_s01_v1_G17_V5_temp15_urban_sydney_plot_s1,ok,69.9565315246582,0.028263294905169208,0.011896512996985723,0.0006572517035413247,0.0,0.0,nan,14.771183967590332,0.0034989360719919205,0.9812660217285156,0.9805454611778259,64.0,0.11034488677978516,0.16741377115249634,/home/aitx/workspace/projects/edge-enhanced-unsupervised-graph-neural-network-clustering/results/urban_echf_recheck_e60_s01_v1_G17_V5_temp15_urban_sydney_plot_s1/urban_sydney_plot_metrics.json,/home/aitx/workspace/projects/edge-enhanced-unsupervised-graph-neural-network-clustering/results/urban_echf_recheck_e60_s01_v1_G17_V5_temp15_urban_sydney_plot_s1/urban_sydney_plot.log,INFO - 02/19/26 22:25:29 - 0:01:07 - Saved metrics to ./results/urban_echf_recheck_e60_s01_v1_G17_V5_temp15_urban_sydney_plot_s1/urban_sydney_plot_metrics.json
urban_sydney_plot,0,G15_ECHF_main,urban_echf_recheck_e60_s01_v1_G15_ECHF_main_urban_sydney_plot_s0,ok,72.51555752754211,0.030494607660840462,0.018356335274080503,0.0018129266616398604,0.0,0.0,nan,14.852248191833496,0.005518361926078796,0.9792608618736267,0.9785839915275574,64.0,0.13256435096263885,0.16741377115249634,/home/aitx/workspace/projects/edge-enhanced-unsupervised-graph-neural-network-clustering/results/urban_echf_recheck_e60_s01_v1_G15_ECHF_main_urban_sydney_plot_s0/urban_sydney_plot_metrics.json,/home/aitx/workspace/projects/edge-enhanced-unsupervised-graph-neural-network-clustering/results/urban_echf_recheck_e60_s01_v1_G15_ECHF_main_urban_sydney_plot_s0/urban_sydney_plot.log,INFO - 02/19/26 22:26:41 - 0:01:10 - Saved metrics to ./results/urban_echf_recheck_e60_s01_v1_G15_ECHF_main_urban_sydney_plot_s0/urban_sydney_plot_metrics.json
urban_sydney_plot,1,G15_ECHF_main,urban_echf_recheck_e60_s01_v1_G15_ECHF_main_urban_sydney_plot_s1,ok,78.22297358512878,0.030370645841080946,0.013741903027164826,0.0008943344484699209,0.0,0.0,nan,14.854387283325195,0.004878571256995201,0.9800946712493896,0.9791669845581055,64.0,0.12883511185646057,0.16741377115249634,/home/aitx/workspace/projects/edge-enhanced-unsupervised-graph-neural-network-clustering/results/urban_echf_recheck_e60_s01_v1_G15_ECHF_main_urban_sydney_plot_s1/urban_sydney_plot_metrics.json,/home/aitx/workspace/projects/edge-enhanced-unsupervised-graph-neural-network-clustering/results/urban_echf_recheck_e60_s01_v1_G15_ECHF_main_urban_sydney_plot_s1/urban_sydney_plot.log,INFO - 02/19/26 22:27:59 - 0:01:15 - Saved metrics to ./results/urban_echf_recheck_e60_s01_v1_G15_ECHF_main_urban_sydney_plot_s1/urban_sydney_plot_metrics.json
urban_tokyo_plot,0,G17_V5_temp15,urban_echf_recheck_e60_s01_v1_G17_V5_temp15_urban_tokyo_plot_s0,ok,131.1060025691986,0.026469993938169328,0.004023707511105157,0.00012907173104554834,0.0,0.0,nan,15.910608291625977,0.005833927541971207,0.9791030287742615,0.9782387614250183,64.0,0.20982292294502258,0.28752192854881287,/home/aitx/workspace/projects/edge-enhanced-unsupervised-graph-neural-network-clustering/results/urban_echf_recheck_e60_s01_v1_G17_V5_temp15_urban_tokyo_plot_s0/urban_tokyo_plot_metrics.json,/home/aitx/workspace/projects/edge-enhanced-unsupervised-graph-neural-network-clustering/results/urban_echf_recheck_e60_s01_v1_G17_V5_temp15_urban_tokyo_plot_s0/urban_tokyo_plot.log,INFO - 02/19/26 22:30:10 - 0:02:08 - Saved metrics to ./results/urban_echf_recheck_e60_s01_v1_G17_V5_temp15_urban_tokyo_plot_s0/urban_tokyo_plot_metrics.json
urban_tokyo_plot,1,G17_V5_temp15,urban_echf_recheck_e60_s01_v1_G17_V5_temp15_urban_tokyo_plot_s1,ok,123.14154624938965,0.023964437260052537,0.003685743559860103,0.00010580763354679402,0.0,0.0,nan,15.918521881103516,0.004216201603412628,0.9804251194000244,0.9800075888633728,64.0,0.14814332127571106,0.28752192854881287,/home/aitx/workspace/projects/edge-enhanced-unsupervised-graph-neural-network-clustering/results/urban_echf_recheck_e60_s01_v1_G17_V5_temp15_urban_tokyo_plot_s1/urban_tokyo_plot_metrics.json,/home/aitx/workspace/projects/edge-enhanced-unsupervised-graph-neural-network-clustering/results/urban_echf_recheck_e60_s01_v1_G17_V5_temp15_urban_tokyo_plot_s1/urban_tokyo_plot.log,INFO - 02/19/26 22:32:13 - 0:02:00 - Saved metrics to ./results/urban_echf_recheck_e60_s01_v1_G17_V5_temp15_urban_tokyo_plot_s1/urban_tokyo_plot_metrics.json
urban_tokyo_plot,0,G15_ECHF_main,urban_echf_recheck_e60_s01_v1_G15_ECHF_main_urban_tokyo_plot_s0,ok,122.856436252594,0.025702162052939986,0.003999586318133945,0.00015263388160780418,0.0,0.0,nan,15.966840744018555,0.005929345265030861,0.9790248870849609,0.978137731552124,64.0,0.1866147220134735,0.28752192854881287,/home/aitx/workspace/projects/edge-enhanced-unsupervised-graph-neural-network-clustering/results/urban_echf_recheck_e60_s01_v1_G15_ECHF_main_urban_tokyo_plot_s0/urban_tokyo_plot_metrics.json,/home/aitx/workspace/projects/edge-enhanced-unsupervised-graph-neural-network-clustering/results/urban_echf_recheck_e60_s01_v1_G15_ECHF_main_urban_tokyo_plot_s0/urban_tokyo_plot.log,INFO - 02/19/26 22:34:16 - 0:02:00 - Saved metrics to ./results/urban_echf_recheck_e60_s01_v1_G15_ECHF_main_urban_tokyo_plot_s0/urban_tokyo_plot_metrics.json
urban_tokyo_plot,1,G15_ECHF_main,urban_echf_recheck_e60_s01_v1_G15_ECHF_main_urban_tokyo_plot_s1,ok,137.01737117767334,0.023883612851081027,0.003405908356852984,5.987907290461386e-05,0.0,0.0,nan,15.974077224731445,0.0046369098126888275,0.980096697807312,0.9795594811439514,64.0,0.14825502038002014,0.28752192854881287,/home/aitx/workspace/projects/edge-enhanced-unsupervised-graph-neural-network-clustering/results/urban_echf_recheck_e60_s01_v1_G15_ECHF_main_urban_tokyo_plot_s1/urban_tokyo_plot_metrics.json,/home/aitx/workspace/projects/edge-enhanced-unsupervised-graph-neural-network-clustering/results/urban_echf_recheck_e60_s01_v1_G15_ECHF_main_urban_tokyo_plot_s1/urban_tokyo_plot.log,INFO - 02/19/26 22:36:33 - 0:02:14 - Saved metrics to ./results/urban_echf_recheck_e60_s01_v1_G15_ECHF_main_urban_tokyo_plot_s1/urban_tokyo_plot_metrics.json
urban_washingtondc_plot,0,G17_V5_temp15,urban_echf_recheck_e60_s01_v1_G17_V5_temp15_urban_washingtondc_plot_s0,ok,28.383370399475098,0.035168195718654434,0.033056041864284305,0.00012185001108265856,0.0,0.0,nan,13.544739723205566,0.004429535940289497,0.9804898500442505,0.979625940322876,64.0,0.13773302733898163,0.16186115145683289,/home/aitx/workspace/projects/edge-enhanced-unsupervised-graph-neural-network-clustering/results/urban_echf_recheck_e60_s01_v1_G17_V5_temp15_urban_washingtondc_plot_s0/urban_washingtondc_plot_metrics.json,/home/aitx/workspace/projects/edge-enhanced-unsupervised-graph-neural-network-clustering/results/urban_echf_recheck_e60_s01_v1_G17_V5_temp15_urban_washingtondc_plot_s0/urban_washingtondc_plot.log,INFO - 02/19/26 22:37:02 - 0:00:26 - Saved metrics to ./results/urban_echf_recheck_e60_s01_v1_G17_V5_temp15_urban_washingtondc_plot_s0/urban_washingtondc_plot_metrics.json
urban_washingtondc_plot,1,G17_V5_temp15,urban_echf_recheck_e60_s01_v1_G17_V5_temp15_urban_washingtondc_plot_s1,ok,29.354065656661987,0.034403669724770644,0.03535579586519863,0.00039791397391052206,0.0,0.0,nan,13.543778419494629,0.005447819828987122,0.9797534942626953,0.978308916091919,64.0,0.1526554673910141,0.16186115145683289,/home/aitx/workspace/projects/edge-enhanced-unsupervised-graph-neural-network-clustering/results/urban_echf_recheck_e60_s01_v1_G17_V5_temp15_urban_washingtondc_plot_s1/urban_washingtondc_plot_metrics.json,/home/aitx/workspace/projects/edge-enhanced-unsupervised-graph-neural-network-clustering/results/urban_echf_recheck_e60_s01_v1_G17_V5_temp15_urban_washingtondc_plot_s1/urban_washingtondc_plot.log,INFO - 02/19/26 22:37:31 - 0:00:27 - Saved metrics to ./results/urban_echf_recheck_e60_s01_v1_G17_V5_temp15_urban_washingtondc_plot_s1/urban_washingtondc_plot_metrics.json
urban_washingtondc_plot,0,G15_ECHF_main,urban_echf_recheck_e60_s01_v1_G15_ECHF_main_urban_washingtondc_plot_s0,ok,27.943142414093018,0.034785932721712536,0.0331076457544797,0.00018374152786197444,0.0,0.0,nan,13.601078033447266,0.004758624359965324,0.9802809357643127,0.9792901873588562,64.0,0.14114539325237274,0.16186115145683289,/home/aitx/workspace/projects/edge-enhanced-unsupervised-graph-neural-network-clustering/results/urban_echf_recheck_e60_s01_v1_G15_ECHF_main_urban_washingtondc_plot_s0/urban_washingtondc_plot_metrics.json,/home/aitx/workspace/projects/edge-enhanced-unsupervised-graph-neural-network-clustering/results/urban_echf_recheck_e60_s01_v1_G15_ECHF_main_urban_washingtondc_plot_s0/urban_washingtondc_plot.log,INFO - 02/19/26 22:37:59 - 0:00:25 - Saved metrics to ./results/urban_echf_recheck_e60_s01_v1_G15_ECHF_main_urban_washingtondc_plot_s0/urban_washingtondc_plot_metrics.json
urban_washingtondc_plot,1,G15_ECHF_main,urban_echf_recheck_e60_s01_v1_G15_ECHF_main_urban_washingtondc_plot_s1,ok,28.56046414375305,0.03555045871559633,0.03580658187654147,0.000508271931614517,0.0,0.0,nan,13.59906005859375,0.006446981802582741,0.978963315486908,0.9773133397102356,64.0,0.16024164855480194,0.16186115145683289,/home/aitx/workspace/projects/edge-enhanced-unsupervised-graph-neural-network-clustering/results/urban_echf_recheck_e60_s01_v1_G15_ECHF_main_urban_washingtondc_plot_s1/urban_washingtondc_plot_metrics.json,/home/aitx/workspace/projects/edge-enhanced-unsupervised-graph-neural-network-clustering/results/urban_echf_recheck_e60_s01_v1_G15_ECHF_main_urban_washingtondc_plot_s1/urban_washingtondc_plot.log,INFO - 02/19/26 22:38:28 - 0:00:26 - Saved metrics to ./results/urban_echf_recheck_e60_s01_v1_G15_ECHF_main_urban_washingtondc_plot_s1/urban_washingtondc_plot_metrics.json
