condition,dataset,n_runs_ok_e60,nmi_mean_e60,nmi_std_e60,ari_mean_e60,ari_std_e60,acc_mean_e60,nmi_trial_std_mean_e60,ari_trial_std_mean_e60,stability_pair_nmi_mean_e60,si_loss_mean_e60,modularity_mean_e60,conductance_mean_e60,conductance_weighted_mean_e60,pred_n_clusters_mean_e60,pred_cluster_size_cv_mean_e60,known_label_ratio_mean_e60,seconds_mean_e60,n_runs_ok_e20,nmi_mean_e20,nmi_std_e20,ari_mean_e20,ari_std_e20,acc_mean_e20,nmi_trial_std_mean_e20,ari_trial_std_mean_e20,stability_pair_nmi_mean_e20,si_loss_mean_e20,modularity_mean_e20,conductance_mean_e20,conductance_weighted_mean_e20,pred_n_clusters_mean_e20,pred_cluster_size_cv_mean_e20,known_label_ratio_mean_e20,seconds_mean_e20,delta_nmi_mean_e60_minus_e20,delta_ari_mean_e60_minus_e20,delta_acc_mean_e60_minus_e20,delta_nmi_std_e60_minus_e20,delta_ari_std_e60_minus_e20,delta_si_loss_mean_e60_minus_e20,delta_modularity_mean_e60_minus_e20,delta_conductance_mean_e60_minus_e20,delta_conductance_weighted_mean_e60_minus_e20,delta_seconds_mean_e60_minus_e20
G15_ECHF_main,urban_bangkok_plot,3,0.0193144046560244,0.0016004591904716,0.000249475458309,0.0001188468161444,0.0306793819767871,0.0,1.807003620809174e-20,1.0,14.700865745544434,0.0048915681739648,0.9798700412114462,0.9792473912239076,64.0,0.2026582310597101,0.0913788899779319,75.62219381332397,3,0.0189936911098222,0.0008188962248434,7.135723497290848e-05,0.0002254762055015,0.0280180379980779,0.0,5.082197683525802e-21,1.0,14.718908627827965,0.0004424216846625,0.9839313427607218,0.9838698705037436,64.0,0.0539623871445655,0.0913788899779319,28.20267645517985,0.0003207135462021983,0.00017811822333609151,0.0026613439787092005,0.0007815629656281999,-0.0001066293893571,-0.018042882283531014,0.004449146489302299,-0.004061301549275642,-0.004622479279836056,47.41951735814412
G15_ECHF_main,urban_beijing_plot,3,0.013792138091168,0.0031318411623475,0.0003674819888707,0.0003079727205232,0.0385039852851011,5.782411586589358e-19,1.807003620809174e-20,1.0,15.983476003011068,0.0058345347642898,0.9791249632835388,0.9782868226369222,64.0,0.1284908577799797,0.0835236608982086,216.22566405932108,3,0.0095933613074575,0.0002727911382755,2.5987423604841543e-05,4.0416811336403e-05,0.024770079705702,0.0,0.0,1.0,16.002604166666668,0.0005715576310952,0.983815888563792,0.9837700923283896,64.0,0.0418549639483292,0.0835236608982086,76.24380191167195,0.004198776783710499,0.0003414945652658585,0.0137339055793991,0.0028590500240719997,0.000267555909186797,-0.01912816365559955,0.0052629771331946,-0.0046909252802531665,-0.005483269691467396,139.9818621476491
G15_ECHF_main,urban_boston_plot,3,0.0508845894769976,0.003053072126584,-0.000452657039793,0.0001131807830488,0.0379332897318508,0.0,3.614007241618348e-20,1.0,12.529141426086426,0.0061580998202164,0.9791195591290792,0.9777662555376688,64.0,0.1872050513823827,0.1673049628734588,18.922858317693077,3,0.0496586841084718,0.0042575758086444,-0.00051060434191,0.0006357174252067,0.0377152823195988,0.0,4.517509052022935e-21,1.0,12.546378453572592,2.4956651031970974e-05,0.984384020169576,0.9840636452039084,64.0,0.1124171068271001,0.1673049628734588,9.295349995295206,0.0012259053685257995,5.7947302117000016e-05,0.00021800741225199566,-0.0012045036820604003,-0.0005225366421579,-0.017237027486165957,0.006133143169184429,-0.005264461040496826,-0.006297389666239606,9.62750832239787
G15_ECHF_main,urban_chicago_plot,3,0.0136437635403631,0.0009276376731234,0.0006410095575743,0.0001151382021108,0.029967103780812,5.782411586589358e-19,0.0,1.0,15.52794329325358,0.0081187343845764,0.9772611856460572,0.9758836030960084,64.0,0.1515057732661565,0.1205017492175102,92.83284974098206,3,0.0113992851360913,0.0009956983153822,4.617910384479727e-05,0.0001817743503732,0.0254607723852012,5.782411586589358e-19,4.517509052022935e-21,1.0,15.557660102844238,0.0005746018141508,0.9838075637817384,0.9837595621744792,64.0,0.0469692076245943,0.1205017492175102,36.46834246317545,0.0022444784042717995,0.0005948304537295027,0.0045063313956108,-6.806064225879985e-05,-6.663614826239999e-05,-0.029716809590658144,0.007544132570425599,-0.006546378135681152,-0.007875959078470829,56.3645072778066
G15_ECHF_main,urban_johannesburg_plot,3,0.0362510191306107,0.0022795335632328,0.0010934821469862,0.0002208176531471,0.0357506361323155,0.0,0.0,1.0,15.054558753967283,0.0071529870231946,0.977990746498108,0.9769114255905152,64.0,0.1298843845725059,0.054990030825138,73.49742325146993,3,0.0284107885670843,0.0013139802138185,-0.000154798295339,0.0002092221224969,0.0315521628498727,0.0,0.0,1.0,15.079812367757162,0.0004784365495045,0.9839208920796711,0.983847955862681,64.0,0.0491219336787859,0.054990030825138,27.848642190297443,0.0078402305635264,0.0012482804423252,0.0041984732824427995,0.0009655533494143001,1.1595530650199983e-05,-0.02525361378987867,0.006674550473690101,-0.005930145581563129,-0.006936530272165786,45.648781061172485
G15_ECHF_main,urban_madrid_plot,3,0.0101975405279355,0.001412346561103,0.0004175011124794,0.0002593106910875,0.034007267306438,5.782411586589358e-19,0.0,1.0,15.019987424214682,0.0063828496883312,0.978602429231008,0.977720061937968,64.0,0.1414968272050221,0.2143384963274002,77.55296150843303,3,0.0082020168253906,0.0003861643035206,6.376815329206002e-05,6.56480607750857e-05,0.024131184198267,0.0,0.0,1.0,15.040874481201172,6.415570775667827e-06,0.9843688011169434,0.9843118786811828,64.0,0.0512361861765384,0.2143384963274002,30.58123087882996,0.0019955237025448998,0.00035373295918733995,0.009876083108171,0.0010261822575824001,0.0001936626303124143,-0.020887056986490293,0.0063764341175555315,-0.0057663718859353175,-0.00659181674321474,46.97173062960307
G15_ECHF_main,urban_melbourne_plot,3,0.0233462555250387,0.0023412552863813,0.0009547482154577,0.0004751521533829,0.0335626433187408,2.312964634635743e-18,0.0,1.0,14.5196320215861,0.0069039979328711,0.9781490365664164,0.977142572402954,64.0,0.1368469322721163,0.1521167010068893,52.49336242675781,3,0.0170781677918931,0.0012611532161912,-3.840941370584084e-05,0.0001467853165926,0.0270307831283441,0.0,9.03501810404587e-21,1.0,14.543144861857096,0.0003684759140014,0.9840126633644104,0.9839327534039816,64.0,0.0601626150310039,0.1521167010068893,20.752533435821533,0.006268087733145598,0.0009931576291635409,0.006531860190396702,0.0010801020701901001,0.0003283668367903,-0.023512840270996094,0.0065355220188697,-0.005863626797994015,-0.006790181001027573,31.74082899093628
G15_ECHF_main,urban_paris_plot,3,0.0173857282665192,0.0014417043564808,0.0004725382981933,0.0002213394679678,0.0300695992972498,0.0,3.614007241618348e-20,1.0,12.698607762654625,0.0021295621991157,0.982307275136312,0.9820201595624288,64.0,0.1084713314970334,0.5996110439300537,17.74699091911316,3,0.0164661112479375,0.0005234591188645,3.125682068263607e-05,0.0001345114972155,0.025474694236097,0.0,9.03501810404587e-21,1.0,12.7049191792806,-8.437937746445338e-05,0.9844908912976584,0.9842542608579,64.0,0.1014469067255656,0.5996110439300537,8.885422309239706,0.0009196170185816997,0.00044128147751066395,0.004594905061152801,0.0009182452376162999,8.682797075230001e-05,-0.006311416625974786,0.002213941576580153,-0.0021836161613464355,-0.0022341012954711914,8.861568609873453
G15_ECHF_main,urban_shanghai_plot,3,0.0139319242940282,0.0013205793057814,0.0004584527823201,0.0003078652239906,0.0305735097978865,1.1564823173178713e-18,0.0,1.0,15.41855239868164,0.0051195248961448,0.979682683944702,0.9790391127268472,64.0,0.1243619297941525,0.0937933027744293,104.64840324719746,3,0.0117582968023859,0.0006201846644399,1.1730088506386767e-05,0.0001493348102104,0.0260593002975274,5.782411586589358e-19,0.0,1.0,15.43646240234375,0.0006077146778504,0.9837773243586222,0.9837254087130228,64.0,0.0512986642618974,0.0937933027744293,37.76835592587789,0.002173627491642299,0.0004467226938137132,0.0045142095003591,0.0007003946413415001,0.00015853041378019998,-0.017910003662109375,0.0045118102182944,-0.004094640413920159,-0.004686295986175648,66.88004732131958
G15_ECHF_main,urban_singapore_plot,3,0.0268710522933142,0.0018307608354793,0.0002549265569844,0.0002897823381145,0.0363384484228474,1.1564823173178713e-18,2.258754526011468e-21,1.0,14.15084966023763,0.0036899993817011,0.9811246395111084,0.9804365436236064,64.0,0.0913525248567263,0.1038478165864944,49.60226821899414,3,0.0279263160519537,0.002041455526309,0.0002261869172636,0.0002172933236075,0.0314364876385336,1.1564823173178713e-18,9.03501810404587e-21,1.0,14.163679440816244,9.183833996454876e-05,0.9843114813168844,0.9841768344243368,64.0,0.0564289316534996,0.1038478165864944,20.426064650217693,-0.0010552637586395026,2.8739639720799998e-05,0.004901960784313798,-0.00021069469082970007,7.248901450699997e-05,-0.012829780578613281,0.0035981610417365516,-0.0031868418057759973,-0.0037402908007303504,29.176203568776447
G15_ECHF_main,urban_sydney_plot,3,0.0177936560672096,0.0021082897255656,0.0015453556921062,0.0005431698258117,0.031114416759638,0.0,7.228014483236696e-20,1.0,14.855780919392904,0.0046901858101288,0.9802563190460204,0.979393462340037,64.0,0.1293274958928426,0.1674137711524963,76.80234289169312,3,0.0099747982494424,0.0006316449864998,2.3195800934283178e-05,0.0001142236252211,0.0244617990992107,5.782411586589358e-19,0.0,1.0,14.87236499786377,0.000434199348092,0.983949383099874,0.983826756477356,64.0,0.0536983373264471,0.1674137711524963,28.59612234433492,0.0078188578177672,0.0015221598911719168,0.006652617660427299,0.0014766447390658,0.0004289462005906,-0.016584078470865293,0.0042559864620368,-0.003693064053853612,-0.004433294137318966,48.2062205473582
G15_ECHF_main,urban_tokyo_plot,3,0.0044479330461918,0.0002657639979081,0.0002403088675596,2.7020665008282947e-05,0.0249343301677106,0.0,0.0,1.0,15.97165044148763,0.0053049872318903,0.979472796122233,0.9788634379704794,64.0,0.1625588238239288,0.2875219285488128,129.21111194292703,3,0.0030980914196916,1.7318944858684744e-05,8.443995243633944e-06,1.5278954960504145e-05,0.0207179901663635,1.4456028966473392e-19,1.1293772630057337e-21,1.0,15.990296681722006,0.0005295450488726,0.9838565389315288,0.983814299106598,64.0,0.046711478382349,0.2875219285488128,49.33811863263448,0.0013498416265001999,0.00023186487231596607,0.0042163400013470985,0.00024844505304941525,1.1741710047778801e-05,-0.018646240234375,0.0047754421830177,-0.004383742809295765,-0.004950861136118645,79.87299331029254
G15_ECHF_main,urban_washingtondc_plot,3,0.0364565823234708,0.0031682095668366,0.0010327860932907,0.0006823275094551,0.0365698267074413,0.0,3.614007241618348e-20,1.0,13.601727485656738,0.0060012924174467,0.978993852933248,0.978046735127767,64.0,0.1346902499596277,0.1618611514568328,29.591434717178345,3,0.0302369630691781,0.0011479009111248,-4.41467567155663e-05,0.0001324092971956,0.0335117227319062,0.0,0.0,1.0,13.620534578959148,0.000548418611288,0.983842154343923,0.9837061166763306,64.0,0.0724188238382339,0.1618611514568328,13.177720626195272,0.006219619254292701,0.0010769328500062664,0.0030581039755350967,0.0020203086557118,0.0005499182122595001,-0.01880709330241004,0.005452873806158699,-0.004848301410674938,-0.005659381548563602,16.41371409098307
G17_V5_temp15,urban_bangkok_plot,3,0.0189659261065697,0.0017112726476553,0.0002052666800835,0.0001090753597794,0.0294965624306941,0.0,0.0,1.0,14.632506370544434,0.0041253535697857,0.9805566867192588,0.980026364326477,64.0,0.1681586851676305,0.0913788899779319,79.48206845919292,3,0.0188089484960863,0.0009056847618936,9.313529313847768e-05,0.000226426299353,0.0277962593331854,0.0,4.517509052022935e-21,1.0,14.6475035349528,0.0004117911060651,0.983959972858429,0.9838786323865256,64.0,0.0524497007330258,0.0913788899779319,28.30396286646525,0.00015697761048339906,0.00011213138694502232,0.0017003030975086993,0.0008055878857617001,-0.00011735093957359999,-0.01499716440836707,0.0037135624637206002,-0.0034032861391701807,-0.0038522680600485693,51.17810559272767
G17_V5_temp15,urban_beijing_plot,3,0.0135765934954394,0.0029304936077431,0.0003548816228222,0.0002845383467392,0.0384631105661148,0.0,0.0,1.0,15.935938517252604,0.0054313950240612,0.9794773062070212,0.9787084658940634,64.0,0.1213432426253954,0.0835236608982086,206.4558900197347,3,0.0096814681404964,0.000287884708467,2.693899238814401e-05,3.6453356372207946e-05,0.0248927038626609,0.0,0.0,1.0,15.953702608744305,0.0005377382040023,0.9838467240333556,0.9837979674339294,64.0,0.042852176974217,0.0835236608982086,77.33618243535359,0.0038951253549429996,0.000327942630434056,0.013570406703453903,0.0026426088992761,0.00024808499036699206,-0.017764091491700995,0.004893656820058901,-0.004369417826334376,-0.0050895015398660925,129.1197075843811
G17_V5_temp15,urban_boston_plot,3,0.0499968206234284,0.0021770533030468,-0.0004497749064734,0.0001256500458293,0.0379332897318508,2.312964634635743e-18,0.0,1.0,12.490585645039875,0.0054865982383489,0.9797027905782064,0.97841876745224,64.0,0.171044980486234,0.1673049628734588,18.621812740961712,3,0.0497358162608858,0.0040721803940906,-0.000495265803811,0.0006161994164459,0.0379332897318508,2.312964634635743e-18,9.03501810404587e-21,1.0,12.505630811055502,-9.266256044308344e-05,0.9844790895779928,0.9841450452804564,64.0,0.1106987322370211,0.1673049628734588,9.084107240041098,0.00026100436254259535,4.549089733760003e-05,0.0,-0.0018951270910438005,-0.0004905493706166,-0.015045166015626776,0.005579260798791984,-0.004776298999786377,-0.005726277828216442,9.537705500920614
G17_V5_temp15,urban_chicago_plot,3,0.0132284897328335,0.0006773099717189,0.0005052203052645,0.000163293849424,0.0292460907575143,0.0,0.0,1.0,15.471322695414225,0.0074833091348409,0.9777553876241049,0.97654128074646,64.0,0.1580001513163248,0.1205017492175102,92.00327285130818,3,0.0114221200459423,0.0009063248353933,5.056342627189738e-05,0.0001864860628418,0.0255959623270695,0.0,4.517509052022935e-21,1.0,15.49985376993815,0.0005082276960213,0.9838711818059286,0.9838193853696188,64.0,0.0486301680405934,0.1205017492175102,36.27107993761698,0.0018063696868912005,0.0004546568789926026,0.0036501284304448003,-0.00022901486367440005,-2.3192213417799984e-05,-0.02853107452392578,0.0069750814388196,-0.0061157941818237305,-0.00727810462315881,55.7321929136912
G17_V5_temp15,urban_johannesburg_plot,3,0.0359273135849247,0.0024347550180808,0.0009648523561524,0.000303521828854,0.0356234096692112,0.0,0.0,1.0,14.96355883280436,0.0061273456861575,0.978871524333954,0.977963368097941,64.0,0.1228608563542366,0.054990030825138,73.11589201291402,3,0.0285394794498981,0.0013514294001419,-0.0001313360598893,0.0001669038017821,0.0315521628498727,1.1564823173178713e-18,5.64688631502867e-22,1.0,14.985467274983725,0.0003735118856032,0.98402069012324,0.9839388330777488,64.0,0.0501981874306996,0.054990030825138,27.894314845403034,0.0073878341350266,0.0010961884160417,0.0040712468193385,0.0010833256179389001,0.00013661802707189998,-0.02190844217936494,0.0057538338005543,-0.0051491657892860365,-0.005975464979807721,45.221577167510986
G17_V5_temp15,urban_madrid_plot,3,0.0101626211891491,0.0010573458882538,0.0003940695207435,0.0002691841008319,0.0336656417901177,0.0,1.807003620809174e-20,1.0,14.956008593241371,0.0057396509995063,0.979162057240804,0.9783781170845032,64.0,0.1411123697956403,0.2143384963274002,76.41635815302531,3,0.0081413103506656,0.000409476279621,5.2435481626590784e-05,7.160510083673226e-05,0.024193297928507,0.0,0.0,1.0,14.9746462504069,-3.873556852340698e-05,0.9844104647636414,0.98434716463089,64.0,0.0529404953122139,0.2143384963274002,28.76428723335266,0.0020213108384834998,0.0003416340391169092,0.009472343861610697,0.0006478696086328001,0.00019757899999516774,-0.01863765716552912,0.005778386568029707,-0.005248407522837395,-0.00596904754638683,47.65207091967265
G17_V5_temp15,urban_melbourne_plot,3,0.0224812478787976,0.0014932127620923,0.0008242103625953,0.0003551431257998,0.0327287888263498,2.312964634635743e-18,0.0,1.0,14.457618395487469,0.0061058308929204,0.9788427551587424,0.9779664675394694,64.0,0.1298643325765927,0.1521167010068893,48.72427495320638,3,0.017045011139857,0.0010810242843579,-4.647736454642064e-05,0.0001538632640689,0.0270307831283441,0.0,4.517509052022935e-21,1.0,14.47856616973877,0.0003735131273667,0.9840008616447448,0.9839155077934264,64.0,0.0617783752580483,0.1521167010068893,20.93578592936198,0.0054362367389406,0.0008706877271417206,0.005698005698005704,0.00041218847773439996,0.00020127986173089997,-0.0209477742513009,0.0057323177655537,-0.005158106486002345,-0.005949040253957039,27.788489023844402
G17_V5_temp15,urban_paris_plot,3,0.0173674112046945,0.0011022664881204,0.000427772707236,0.0001607817178023,0.029596594364484,0.0,0.0,1.0,12.64983876546224,0.0020153236885865,0.982390562693278,0.9821191628774008,64.0,0.1073342859745025,0.5996110439300537,17.307719389597576,3,0.0162557299772678,0.0001860889058701,-5.170194704979255e-06,7.286946471012011e-05,0.0256774106358537,0.0,0.0,1.0,12.655389785766602,-0.000192462777098,0.9846124649047852,0.9843409061431884,64.0,0.101362573603789,0.5996110439300537,8.631761391957602,0.0011116812274266988,0.0004329429019409793,0.003919183728630298,0.0009161775822503,8.791225309217989e-05,-0.005551020304361387,0.0022077864656845003,-0.0022219022115071985,-0.0022217432657876124,8.675957997639975
G17_V5_temp15,urban_shanghai_plot,3,0.0139989105790403,0.0014903135531084,0.0004430051267482,0.0003397362041092,0.0311377859854314,0.0,0.0,1.0,15.386932373046877,0.0050490306069453,0.9797582825024924,0.9791079759597778,64.0,0.119621438284715,0.0937933027744293,106.76540040969849,3,0.0117101749098857,0.0005166142597871,9.053754860568571e-06,0.0001529612918281,0.0259054067918333,1.1564823173178713e-18,4.517509052022935e-21,1.0,15.404541015625,0.000574699913462,0.9838133653004963,0.983756422996521,64.0,0.0516363581021626,0.0937933027744293,38.37864271799723,0.0022887356691546,0.00043395137188763144,0.005232379193598102,0.0009736992933213,0.0001867749122811,-0.017608642578123224,0.0044743306934833,-0.004055082798003928,-0.004648447036743164,68.38675769170126
G17_V5_temp15,urban_singapore_plot,3,0.0265274550660017,0.0019371295105251,0.0001351720981846,0.0002131173395561,0.0346334185848252,0.0,9.03501810404587e-21,1.0,14.08669408162435,0.0027564217646916,0.9819256862004598,0.9813953240712484,64.0,0.0788172930479049,0.1038478165864944,48.52147380510966,3,0.0279446536592771,0.0019407178525898,0.0002412257710463,0.0002235870304507,0.03154305200341,1.1564823173178713e-18,0.0,1.0,14.09648068745931,0.0001512498905261,0.9842628637949624,0.9840921958287556,64.0,0.0568846948444843,0.1038478165864944,20.019538561503094,-0.0014171985932754025,-0.0001060536728617,0.003090366581415198,-3.5883420647000314e-06,-1.0469690894600005e-05,-0.009786605834960938,0.0026051718741655003,-0.002337177594502582,-0.002696871757507213,28.501935243606564
G17_V5_temp15,urban_sydney_plot,3,0.0148160132431522,0.0011858973595948,0.0010057146072304,0.000307736521961,0.0299987603818024,0.0,0.0,1.0,14.77367083231608,0.0032500183830658,0.9814708828926086,0.9808158278465272,64.0,0.1073056533932685,0.1674137711524963,71.9708952109019,3,0.0099324303554329,0.0006137294163497,8.111676888398296e-06,0.0001086217307049,0.0242551960662782,0.0,0.0,1.0,14.784812291463217,0.0002619754523038,0.9840643207232156,0.9839009841283164,64.0,0.0563218543926874,0.1674137711524963,28.853442112604775,0.0048835828877193,0.0009976029303420018,0.0057435643155242,0.0005721679432450999,0.0001991147912561,-0.011141459147136601,0.002988042930762,-0.0025934378306069483,-0.003085156281789181,43.117453098297126
G17_V5_temp15,urban_tokyo_plot,3,0.004403658830742,0.0003246253029111,0.0002394356561149,3.0540860383020474e-05,0.025082508250825,0.0,0.0,1.0,15.915505727132162,0.005143342539668,0.979602038860321,0.9790290594100952,64.0,0.1772175778945287,0.2875219285488128,128.70966243743896,3,0.0030761374363225,2.202574941645749e-05,6.20965351738371e-06,1.498135530001148e-05,0.020798814575335,1.4456028966473392e-19,1.1293772630057337e-21,1.0,15.933685302734377,0.0004744281371434,0.9839109778404236,0.983864684899648,64.0,0.0485643570621808,0.2875219285488128,46.77501726150513,0.0013275213944195,0.00023322600259751628,0.004283693675489999,0.0003025995534946425,1.5559505083008994e-05,-0.018179575602214726,0.0046689144025246,-0.004308938980102539,-0.004835625489552742,81.93464517593384
G17_V5_temp15,urban_washingtondc_plot,3,0.0363850210504492,0.0020928818063875,0.0009385354804532,0.0005977846783663,0.0358053007135575,0.0,7.228014483236696e-20,1.0,13.546135902404783,0.0052575953304767,0.9796547691027324,0.978799025217692,64.0,0.1303244133790334,0.1618611514568328,29.53111338615417,3,0.0306002911502945,0.0015915569469841,-3.28668115101132e-05,0.0001747180915618,0.0332568807339449,0.0,0.0,1.0,13.562100092569986,0.0004763932277758,0.9839062690734864,0.9837471644083658,64.0,0.0738300234079361,0.1618611514568328,12.668887535730995,0.005784729900154696,0.0009714022919633132,0.0025484199796126025,0.0005013248594034003,0.00042306658680449995,-0.015964190165203007,0.0047812021027009,-0.004251499970754025,-0.004948139190673828,16.862225850423176
